# handle	followers	last_ig_post	checked
itsryanhildreth	15621	2026-10-05	2026-10-06
spydaytrading	1234		2026-10-06
mangoe.money	2632	2025-12-05	2026-10-06
traderkane	27634	2026-09-29	2026-10-06
evaldas.forex	241	2026-02-04	2026-10-06
nasdaq	699565	2026-10-01	2026-10-06
fundedtradermarkets	None		2026-10-06
realpaulmagee	2971	2026-10-01	2026-10-06
ridingthewaves.forextrading	690		2026-10-06
thetradingchamp	90142	2026-10-06	2026-10-06
mylifeoflearning_	760	2025-04-26	2026-10-06
jessicastradingjournal	66	2026-07-03	2026-10-06
thraxxtrades	None		2026-10-06
trading_college	None		2026-10-06
kimmeltrading	68142	2026-10-02	2026-10-06
iguk	15385	2026-10-02	2026-10-06
tradingwith_jj	5307	2026-10-06	2026-10-06
daytradeideas	20354	2026-10-06	2026-10-06
daytradingrauf	48546	2026-09-20	2026-10-06
reallifetrading	5245	2026-10-05	2026-10-06
masitrades	125066	2026-09-27	2026-10-06
comelearnforex	9592	2026-09-27	2026-10-06
insider.week	418	2025-07-06	2026-10-06
avaltrades	134931	2026-08-23	2026-10-06
jacbdom	9976	2026-10-05	2026-10-06
scotttaylorfx	None		2026-10-06
loganlajtrading	5187	2026-05-08	2026-10-06
axiafutures	8044	2026-10-02	2026-10-06
theonelanceb	51662	2026-10-05	2026-10-06
thelondonacademyoftrading	10840	2026-10-05	2026-10-06
myinvestingclub	92869	2026-10-06	2026-10-06
jannatravels_official	5019	2026-09-23	2026-10-06
ftelite25	28	2026-07-18	2026-10-06
alphadini	13593		2026-10-06
evankrutchikk	26054	2026-08-03	2026-10-06
craig_percoco	138113	2026-09-30	2026-10-06
casper_smc	592778	2026-09-29	2026-10-06
realmacfinance	14828	2026-08-03	2026-10-06
lukebnco	14264	2026-08-20	2026-10-06
lewiskellytrades	47932	2026-09-12	2026-10-06
ripstrades	104441	2026-10-05	2026-10-06
sullysadvice	3130	2026-10-01	2026-10-06
crypto_banter	139727	2026-10-05	2026-10-06
trading212	58241	2026-09-16	2026-10-06
sincitycrypto_1	1986	2025-08-27	2026-10-06
lamboraul	761482	2026-05-10	2026-10-06
daytradingaddict	153306	2026-09-28	2026-10-06
wbj	204878	2026-10-06	2026-10-06
gpacker77	287		2026-10-06
daytraderparadise	3573	2026-09-27	2026-10-06
yugfx_	10560	2026-10-05	2026-10-06
rallytopinvesting	245	2025-07-12	2026-10-06
faiz.smc	34188	2026-10-01	2026-10-06
verifiedinvesting	45809	2026-10-05	2026-10-06
brownreport	20846	2026-10-05	2026-10-06
p	None		2026-10-06
j_graystone	58286	2026-10-05	2026-10-06
nq.rich	36678	2026-10-06	2026-10-06
brad.goh	None		2026-10-06
chartfanaticslive	None		2026-10-06
thedailytraders	992194	2026-05-16	2026-10-06
mambafx	1311170	2026-09-05	2026-10-06
modern.sclpaing	32	2025-01-19	2026-10-06
apollothegreekgod_	19558	2026-08-27	2026-10-06
anthonysworld	223486	2026-10-06	2026-10-06
tradeifyfunding	91451	2026-10-05	2026-10-06
topsteptv	14845	2026-10-04	2026-10-06
20mintrader	643276	2026-10-05	2026-10-06
katietutorialofficial	3047	2026-09-29	2026-10-06
sergey_shirko_trader	9218	2026-10-05	2026-10-06
wordsofrizdom	287999	2026-10-05	2026-10-06
tweakintrades	952	2026-09-21	2026-10-06
lumi_traders	16176	2026-10-05	2026-10-06
tori.trades	None		2026-10-06
tastyliveshow	25825	2026-10-05	2026-10-06
joovier_	429121	2026-10-05	2026-10-06
realbthetrader	20673	2026-10-05	2026-10-06
bullsbearsandbacktests	28	2026-09-24	2026-10-06
rickygutierrezz	292745	2026-10-05	2026-10-06
_mike_swartz	5668	2026-04-08	2026-10-06
timothysykes	1338328	2026-10-05	2026-10-06
smartrisk_official	4173	2026-10-01	2026-10-06
morecryptoonline_official	None		2026-10-06
tokyothetrader	42211	2026-09-30	2026-10-06
techconversations_	1977	2025-11-09	2026-10-06
elliotrades	14943	2026-10-03	2026-10-06
cryptocasey	71655	2026-09-30	2026-10-06
warriortrading	132093	2026-10-06	2026-10-06
marktilbury	2095961	2026-10-03	2026-10-06
raketrades	120025	2026-09-19	2026-10-06
poweroftrading7	2326	2026-03-17	2026-10-06
xesniper	126489	2026-10-05	2026-10-06
chris_sain	145693	2026-10-06	2026-10-06
jgtrades_	239	2026-09-09	2026-10-06
relentlesstrader	162671	2026-10-05	2026-10-06
smbcapital	53002	2026-10-03	2026-10-06
riccotrades	526	2026-09-25	2026-10-06
fundedtradingofficial	None		2026-10-06
michael_biss	2553	2026-06-02	2026-10-06
snip33rtrades	292	2026-09-28	2026-10-06
amntrading1	162060	2026-10-06	2026-10-06
tradinglabofficial	200593	2026-08-26	2026-10-06
iliaaskey	666	2026-09-24	2026-10-06
learn.option.trades	None		2026-10-06
chatwithtraders_	30159	2026-09-30	2026-10-06
iamsalfx	11581	2026-10-04	2026-10-06
fxtrader2024uk	926	2026-10-02	2026-10-06
rdtfutures	365	2026-10-05	2026-10-06
andrewshanejordan	3130	2026-08-23	2026-10-06
vasilytrader	8658	2026-10-06	2026-10-06
jcashtv	118732	2026-09-24	2026-10-06
itmtradingllc	4350	2026-10-04	2026-10-06
becoinnet	3997	2026-10-05	2026-10-06
wetradewaves	8344	2026-10-04	2026-10-06
fxaxeofficial	3963	2026-10-05	2026-10-06
twillitrades	934	2026-10-05	2026-10-06
volatility_trading	None		2026-10-06
blankcarding	35		2026-10-06
hansomekelly_	20241	2026-10-05	2026-10-06
riivv3r	801	2026-02-13	2026-10-06
fiorillosteven	686	2026-05-23	2026-10-06
onlinepropfirms	1276	2026-10-06	2026-10-06
bilal_ameen_303	9187	2026-09-13	2026-10-06
fx_replay	22638	2026-10-05	2026-10-06
investorsbusinessdaily	101189	2026-10-05	2026-10-06
reverselong	226994	2026-10-03	2026-10-06
tradingwavesorg	301	2026-10-05	2026-10-06
alphaimprovement	50	2026-04-20	2026-10-06
jaytakeprofits	14877	2026-09-27	2026-10-06
officialbigbeluga	3879	2026-07-31	2026-10-06
adameshelton	35416	2026-09-01	2026-10-06
mylesginvestments	89490	2026-10-03	2026-10-06
thealtcoindaily	33064	2026-10-02	2026-10-06
michaelwrubs	20015	2025-06-04	2026-10-06
creditbrian	125468	2026-07-10	2026-10-06
the.houseofcrypto	2767	2026-06-09	2026-10-06
ethprosper	31538	2026-10-06	2026-10-06
bensimpsonau	75981	2026-10-06	2026-10-06
cryptojebb	None		2026-10-06
cryptoinsightuk	5853	2026-09-27	2026-10-06
solana	159418	2026-10-05	2026-10-06
investanswers	11074	2026-06-25	2026-10-06
bitcoin_bros26	49719	2026-10-05	2026-10-06
cointelegraph	410928	2026-10-02	2026-10-06
jakeclaverqfop	115779	2026-10-06	2026-10-06
thecoinknowledge	190	2026-10-05	2026-10-06
matt_lutch	None		2026-10-06
bullrunners	None		2026-10-06
0xhustlepedia	5172	2026-06-25	2026-10-06
skynews	3375730		2026-10-06
justinemsowoya	47		2026-10-06
nqfundedtrader	1		2026-10-08
realdaytrading	1		2026-10-08
cryptonotes	4		2026-10-08
ali_khan_ict	190101	2026-10-08	2026-10-08
sierraaaliyah	8		2026-10-08
forexgeek	77		2026-10-08
ziptrader	2190	2023-09-20	2026-10-08
clovertrading	2		2026-10-08
simplemarketstrading	287	2026-10-06	2026-10-08
thekaicapital	211	2026-09-24	2026-10-08
tradeedgealpha	41	2026-09-25	2026-10-08
tradertipsx	74	2025-03-26	2026-10-08
futurestradingwithkellyann	233	2026-10-07	2026-10-08
nnamdisplaybook	8016	2024-01-14	2026-10-08
daytradingradio	87		2026-10-08
investwithhenry	25		2026-10-08
tosindicators	4		2026-10-08
shinigamixbt	253		2026-10-08
kalin.trades	37649	2026-09-22	2026-10-08
tapetoedge	0		2026-10-08
stockmarketmentor	147	2018-09-29	2026-10-08
dodgysddofficial	None		2026-10-08
themovingaverage	45	2025-02-03	2026-10-08
josephhogue	56		2026-10-08
theworkingtraderfx	0	2026-07-24	2026-10-08
itsvladify	14		2026-10-08
cryptoseth	2		2026-10-08
thenonoisetrader	1	2026-10-08	2026-10-08
optionalpha	12713	2026-10-07	2026-10-08
1minutefuturestrader	86	2025-12-21	2026-10-08
tradesbysci	506995	2026-09-28	2026-10-08
bjcowen	15652	2026-10-07	2026-10-08
officialpageofak	49711	2026-10-07	2026-10-08
cryptosrus	72668	2026-10-08	2026-10-08
abenezertnt	5728	2026-10-07	2026-10-08
redwithbag	4966	2026-07-13	2026-10-08
fazemegga	675785	2025-12-31	2026-10-08
optiontradingcoach	43010	2026-10-07	2026-10-08
heyravish	4302	2026-09-26	2026-10-08
roenschcapital	4324	2026-07-14	2026-10-08
profgmarkets	126215	2026-10-08	2026-10-08
ryanmcgregorr	1140		2026-10-08
ticktoloot	210	2026-10-08	2026-10-08
jeffreybenson	1309	2025-10-15	2026-10-08
investopedia	552897	2026-10-07	2026-10-08
robotfx	None		2026-10-08
forex_mcn_strategy	10718	2025-07-23	2026-10-08
fundingtraders	76451	2026-10-07	2026-10-08
benzinga	251793	2026-10-07	2026-10-08
ibbyansari	21575	2026-10-07	2026-10-08
abeteddymaruta	117684	2026-10-08	2026-10-08
tomcampcoaching	426321	2026-10-07	2026-10-08
overkilltrading	51886	2026-10-07	2026-10-08
hutchinson.mh	3736	2026-09-23	2026-10-08
outliertrading	9	2022-11-01	2026-10-08
mcpauld	1109	2026-08-28	2026-10-08
pokepastortcg	1086	2026-10-06	2026-10-08
traderssocietyofficial	103		2026-10-08
rowdycrypto	14308	2026-10-02	2026-10-08
figuringoutmoney	6091	2026-07-29	2026-10-08
richoffnasdak	92	2026-10-08	2026-10-08
goatfundedtrader_main	None		2026-10-08
harko_day_trading	520	2026-06-05	2026-10-08
getmetrading	9		2026-10-08
jkimjournals	1405	2026-10-04	2026-10-08
fluxcharts	213213	2026-10-07	2026-10-08
thetradersimple	8975	2026-04-09	2026-10-08
shanehummus	9584	2024-12-10	2026-10-08
mathmakesmoney	640	2026-09-28	2026-10-08
byebyemoney	2087	2016-12-05	2026-10-08
pinetrades	48	2022-01-03	2026-10-08
nickelninjatrades	24708	2026-10-07	2026-10-08
nxtmovetrades	103	2026-10-07	2026-10-08
smallcapfessor	16186	2026-10-08	2026-10-08
sixfiguretradingcoach	102	2026-10-07	2026-10-08
thescruffytrader	1275	2026-10-01	2026-10-08
apextraderfunding	80950	2026-10-08	2026-10-08
daytrading.gold	84873	2026-10-07	2026-10-08
stockstotrade	184890	2026-10-07	2026-10-08
c0tt0nc4ndyta	2824	2026-10-05	2026-10-08
swingtradingmasterclass	13	2025-04-18	2026-10-08
trading180	443	2020-12-13	2026-10-08
tradingoutpost	1		2026-10-08
damngoodtrading	12733	2026-10-06	2026-10-08
altcoinradar	7		2026-10-08
chadtrades	4		2026-10-08
gbnewsonline	None		2026-10-08
bigchartrades	119873	2026-10-07	2026-10-08
carnivoretrades	374	2026-10-07	2026-10-08
iamadaytrader	2		2026-10-08
jonnymitchell	476286	2026-09-09	2026-10-08
spydaytrade	2958	2026-10-07	2026-10-08
dennis_autopilottrader	None		2026-10-08
stockalertsdaily	32	2021-04-19	2026-10-08
paulatalkscrypto	48	2026-08-09	2026-10-08
optimusfutures	175	2026-03-31	2026-10-08
myfundedfutures	None		2026-10-08
smartactiontrading	672		2026-10-08
doyle__e	103553	2026-08-10	2026-10-08
itsnickstewart_	42266	2026-10-05	2026-10-08
7sinstrading	13	2026-10-02	2026-10-08
phidiaspropfirm	5868	2026-10-07	2026-10-08
bgsfoxtail	6287	2026-10-07	2026-10-08
ndemazeahgodlove	57611	2026-10-07	2026-10-08
sam_morton_trader	923	2026-10-06	2026-10-08
technicalroundup	4708	2023-01-23	2026-10-08
nanelle_griselda	14908	2026-08-14	2026-10-08
tradershustleinc	1743	2026-10-07	2026-10-08
daytradetowin	9578	2026-10-01	2026-10-08
imtylertrades	19811	2026-10-08	2026-10-08
kidusefrem0	3691	2026-04-04	2026-10-08
lusmoothtrader	108	2026-07-24	2026-10-08
cynsonforex	2488	2026-10-08	2026-10-08
_therealtez	334015	2026-10-07	2026-10-08
bitcointaf	8334	2026-10-07	2026-10-08
the.stoic.futures.trader	26	2026-08-07	2026-10-08
gotraderpros	4426	2026-05-03	2026-10-08
duomoinitiative	11068	2026-07-04	2026-10-08
starbeyondthesky_	448	2026-10-08	2026-10-08
boris_bktraders	1105	2026-09-18	2026-10-08
hwftrades	2024	2026-09-18	2026-10-08
pro.trading.school	299283	2026-09-30	2026-10-08
pashairl	608	2026-09-29	2026-10-08
investmentgains2	482	2025-05-28	2026-10-08
austinsilverfx	162586	2026-10-07	2026-10-08
mdantonio3	8438	2024-11-19	2026-10-08
bigmiketrades365	39470	2026-10-07	2026-10-08
olvelez007	186969	2026-10-07	2026-10-08
prorealalgos	1066	2026-09-25	2026-10-08
tradingcents	0		2026-10-08
pinndx	0		2026-10-08
innercircletrader	965		2026-10-08
samsilvio	6	2011-08-25	2026-10-08
pbblakeyt	12	2026-08-03	2026-10-08
embed.js	593	2024-03-25	2026-10-08
tradingwithjord	0		2026-10-08
jeafxforextrading	4		2026-10-08
coldheartedsoulja	3		2026-10-08
nasdaqdaytrading	6	2021-07-19	2026-10-08
edgeflo.ai	None		2026-10-08
gpt_trading	10	2025-03-24	2026-10-08
stocksrocks	78	2024-05-11	2026-10-08
trading_zone100	None		2026-10-08
coachtb43	8	2026-10-04	2026-10-08
oraclefastmoneytrader	11		2026-10-08
rileycoleman	3		2026-10-08
kevinthetrader	0		2026-10-08
onlypropfirms	None		2026-10-08
gstrades	47853	2026-10-08	2026-10-08
atifhussainog	None		2026-10-08
solanahustle	1	2022-04-06	2026-10-08
whatsapp	5387185	2026-10-06	2026-10-08
treydingstocks	518	2026-10-07	2026-10-08
reversaltraderking	None		2026-10-08
everythingaltcoin	0		2026-10-08
traderhotline	1	2023-05-22	2026-10-08
coachmax_	38588	2026-10-05	2026-10-08
tradermotivationshow	40286	2026-10-07	2026-10-08
0dte	None		2026-10-08
precisiongoldtraders	None		2026-10-08
nathanhq	1157		2026-10-08
huskwilliams	5		2026-10-08
daytradersp500	None		2026-10-08
learnhowtoprosper	108	2026-10-07	2026-10-08
traderscoaching	None		2026-10-08
liyahhtv	285	2024-10-07	2026-10-08
justinbennettfx	None		2026-10-08
jdunstraderecaps	None		2026-10-08
orangieweb3	None		2026-10-08
korbstrading	None		2026-10-08
omfgitsrama	1174217	2026-10-07	2026-10-08
cryptocapitalventure	None		2026-10-08
deltatrendtrading	117727	2026-10-07	2026-10-08
oc.happyhour	1050	2026-08-10	2026-10-08
ceobranden	22448	2026-09-29	2026-10-08
flowbots	None		2026-10-08
simplertrading	34646	2026-10-07	2026-10-08
cryptodailytradesignals	None		2026-10-08
the.rumers	None		2026-10-08
ninjatrader	58866	2026-10-07	2026-10-08
titans.of.tomorrow	None		2026-10-08
zamcocapital	None		2026-10-08
entirelytrading	3465	2026-10-07	2026-10-08
appstore	23940		2026-10-08
atas_volume_analysis	5668	2026-10-02	2026-10-08
trading123net	98	2026-10-07	2026-10-08
paulbarronnetwork	None		2026-10-08
tradersdevgroup	9342	2026-10-07	2026-10-08
priceactionvolumetrader	None		2026-10-08
stockmarketmedia	None		2026-10-08
apexgoldtraders	None		2026-10-08
axeoptions	None		2026-10-08
auroratradinggold	None		2026-10-08
willssforexx	None		2026-10-08
daytradingforsuccess8143	None		2026-10-08
jesselivermoretradinginsights	None		2026-10-08
jesselivermorestradingcode	None		2026-10-08
spxxl.0dte	None		2026-10-08
parttimecharts	None		2026-10-08
chartlabyt	None		2026-10-08
jackspriceaction	None		2026-10-08
zdteai	None		2026-10-08
ericnkengurutseentvch1290	None		2026-10-08
vicsyoutube	None		2026-10-08
fxalexg__	None		2026-10-08
sjctradesfutures	None		2026-10-08
spxoptiontrader	None		2026-10-08
morgantrades	None		2026-10-08
liveoptionswithjr	None		2026-10-08
swingtradingandcoffee	None		2026-10-08
nasdaqking1	0		2026-10-08
jacktrendsforex	None		2026-10-08
classtradinggold	None		2026-10-08
rowangoldtrading	None		2026-10-08
wallstreetzen	1		2026-10-08
n1cky_truong	None		2026-10-08
topscalpingtradingstrategy	None		2026-10-08
altcoindoctor	None		2026-10-08
lotterystocks	None		2026-10-08
giftfunded	None		2026-10-08
sticktrader6	None		2026-10-08
altcoinsinsider	None		2026-10-08
imantradinglive	None		2026-10-08
davidyi207	None		2026-10-08
michigan_trader	None		2026-10-08
llpaulhotmail	None		2026-10-08
londontrader01	None		2026-10-08
bernaidzi	None		2026-10-08
stockmarketoptionstrading	1474	2023-08-21	2026-10-08
spy0dteacademy	None		2026-10-08
projectoption	None		2026-10-08
davidbrowndev	None		2026-10-08
labsolana	None		2026-10-08
hanzo_space_marine	None		2026-10-08
thedaytradingchanneledu	None		2026-10-08
thealphafemaletrader	None		2026-10-08
riccardogoldtrader	None		2026-10-08
charttrials	None		2026-10-08
simpleswingtrading	None		2026-10-08
deograciasfx	None		2026-10-08
spx0dtes	None		2026-10-08
tradewithmenow7234	None		2026-10-08
undercurrenttrader	None		2026-10-08
tradersflyofficial	None		2026-10-08
daytradingjesus	None		2026-10-08
tradertalkswebcasts	None		2026-10-08
americanforexforecast4603	None		2026-10-08
tradesweepbychiragabel	None		2026-10-08
leofxyt	None		2026-10-08
forexfirststepreal	None		2026-10-08
cryptoanalysis26	None		2026-10-08
studytradingxauusd	None		2026-10-08
nobsdaytrading	None		2026-10-08
sanamrbx	None		2026-10-08
tradeedgematrix	None		2026-10-08
stockmarketusofficial	None		2026-10-08
srxtrades	13		2026-10-08
becomingtraderfx	None		2026-10-08
ericleducdeveloper	None		2026-10-08
richyfxmentor	None		2026-10-08
multistratmark	None		2026-10-08
backtestedhq	None		2026-10-08
swingtradinglabpodcast	None		2026-10-08
luketutorials1	None		2026-10-08
mitchshoesmith	None		2026-10-08
born2game	11	2013-01-30	2026-10-08
louiepriceaction	None		2026-10-08
rasmrr	7		2026-10-08
marketwolf8	None		2026-10-08
roddricmack	None		2026-10-08
academy_of_trading	40	2016-03-24	2026-10-08
mytradingsetup	None		2026-10-08
realplshown	None		2026-10-08
crypto.g	None		2026-10-08
cryptocrewuniversity	None		2026-10-08
rhadamant	123	2026-10-06	2026-10-08
cnbctelevision	None		2026-10-08
hasyaltcoins	None		2026-10-08
marktradeslive	None		2026-10-08
brookstradingcourse	None		2026-10-08
travisstocks1	None		2026-10-08
thetradingmindsetmentor	None		2026-10-08
fxatradingacademy	None		2026-10-08
tradingresearchdesk	None		2026-10-08
jayperg7848	None		2026-10-08
theyounginvest	None		2026-10-08
rsipro360	None		2026-10-08
baccarattrader	None		2026-10-08
daytradevoodoo	None		2026-10-08
mcomarkets	None		2026-10-08
rossgivens	None		2026-10-08
esfuturestrading	None		2026-10-08
oneoption	2	2012-05-24	2026-10-08
waqarasim.	None		2026-10-08
futurestradingrevolution	None		2026-10-08
eckrown	None		2026-10-08
bikotrading1	None		2026-10-08
captainjimjames	None		2026-10-08
paradigmforex	None		2026-10-08
ictlogictrades	None		2026-10-08
datatraders	None		2026-10-08
bitcointradingchallenge3861	None		2026-10-08
makingcentsfinance	None		2026-10-08
tradingthewaves	None		2026-10-08
gravysol	None		2026-10-08
futurestradingchannel	None		2026-10-08
astrosweat2	None		2026-10-08
optiontofire	None		2026-10-08
goldtradinglivegtl	None		2026-10-08
puumppilot	None		2026-10-08
controltradingchannel	None		2026-10-08
doctor_barry_burns	18124	2026-09-23	2026-10-08
bearbulltraders	224480	2026-10-01	2026-10-08
londontradecollege	None		2026-10-08
imantrading	None		2026-10-08
oraclecryptotrader	0		2026-10-08
americandreamtrading	None		2026-10-08
fitmomtrader	None		2026-10-08
vidollar	18	2025-09-28	2026-10-08
passivetraderofficial	None		2026-10-08
99bitcoins	None		2026-10-08
leclair_marcus	None		2026-10-08
futurestradingwithmike	None		2026-10-08
tradecentre2026	None		2026-10-08
thesimplifiedtrader	18	2024-01-31	2026-10-08
tradeschoolai_official	None		2026-10-08
lucasmorganfx	None		2026-10-08
instantguideyt	None		2026-10-08
howtotradecom	8204	2024-08-07	2026-10-08
nqtraderdan	None		2026-10-08
endlessbullrun	None		2026-10-08
edgeormyth	None		2026-10-08
buildingsaura	None		2026-10-08
strangestoic	None		2026-10-08
forexcryptolivesignals	None		2026-10-08
whop	207103	2026-09-05	2026-10-08
altcoinmedia	569	2026-10-08	2026-10-08
tradingmindsetandmotivation	None		2026-10-08
noedgenotrade	None		2026-10-08
sajadali	None		2026-10-08
compoundyourlife	18	2023-01-03	2026-10-08
ronaldtrading	None		2026-10-08
jessedaytrades	None		2026-10-08
smartmoneyjeremy	None		2026-10-08
wearelossdog	2151	2026-10-02	2026-10-08
thecoinfx	6	2024-06-06	2026-10-08
alexgtrades	None		2026-10-08
herofx_official	18093	2026-10-05	2026-10-08
tapeboard	None		2026-10-08
jaycepham_trader	None		2026-10-08
momentumtradinglab	0		2026-10-08
corepositiontrading	20	2023-05-17	2026-10-08
incomeoptionstrading	18		2026-10-08
playinscreen	0	2026-06-13	2026-10-08
its_jessew	1590		2026-10-08
the.5ers	116729	2026-09-28	2026-10-08
average.joe.investor	None		2026-10-08
bloombergtv	841970	2026-10-08	2026-10-08
onlypeterpru	5805	2026-10-07	2026-10-08
easy_forex_strategy	92	2025-07-09	2026-10-08
theavi8ors	5523	2026-08-06	2026-10-08
kevtrades__	6584	2026-10-07	2026-10-08
abundantlyerica	817	2026-10-07	2026-10-08
andrewnfx	33339	2026-10-06	2026-10-08
nickdoesinvesting	157	2026-09-29	2026-10-08
easyinvestingincome	None		2026-10-08
lux_iq_trading	7	2026-10-07	2026-10-08
optionsincomeedge	None		2026-10-08
fidelityinstitutional	0		2026-10-08
clewmc	None		2026-10-08
wolf_tradingx	None		2026-10-08
realtonydenaro	222	2025-03-19	2026-10-08
dhesitrades	27470	2026-04-10	2026-10-08
dividendology_yt	91681	2026-10-07	2026-10-08
stackedtrader	None		2026-10-08
hiwomenbiz	5751	2026-10-07	2026-10-08
optionsincome_academy	127	2026-08-16	2026-10-08
taylorinvests	478	2026-09-27	2026-10-08
tradingelder	257651	2026-07-24	2026-10-08
calltoleap	2734401	2026-10-07	2026-10-08
business	None		2026-10-08
optionswithhans	119	2026-02-07	2026-10-08
onepunchalgo	81	2026-05-29	2026-10-08
tradeyouredgewithsteven	None		2026-10-08
johnstockfinance	None		2026-10-08
tradingdominatus	None		2026-10-08
olymptradeglobaluk	None		2026-10-08
hanckfx	10171	2026-10-05	2026-10-08
doriantrader	480	2026-10-05	2026-10-08
propfirmfrens	None		2026-10-08
rotationreportmarkets	None		2026-10-08
conservativeoptionsstrateg2435	None		2026-10-08
skitrades7	None		2026-10-08
raider_trading	992	2026-06-30	2026-10-08
tradingwithchris	0		2026-10-08
train_and_trade	154196	2026-10-07	2026-10-08
geslene	120	2019-05-06	2026-10-08
movemetoportugal	82854	2026-10-06	2026-10-08
the5ers_portugues	5365	2026-10-06	2026-10-08
alphadeskprotrading	None		2026-10-08
itsdanielfx	150880	2026-10-04	2026-10-08
antoniobiggainsclub	None		2026-10-08
lookatlady	None		2026-10-08
freedomincomeoptions	None		2026-10-08
amitinvesting	None		2026-10-08
trade_1348	None		2026-10-08
traderlifestylee	None		2026-10-08
apexscanner	None		2026-10-08
tradingview	741763	2024-04-01	2026-10-08
aretetrading	None		2026-10-08
sbac_world	299		2026-10-08
incometelligence	5		2026-10-08
grttrading	11	2026-02-27	2026-10-08
thewheeloptionsstrategy	None		2026-10-08
billionairementorfx	394	2025-05-26	2026-10-08
kajabi	126437	2026-09-30	2026-10-08
jaydoesyoutube	193		2026-10-08
burningcandlesdaytrading	None		2026-10-08
elitemoney2	155	2025-10-09	2026-10-08
xedgematrix	None		2026-10-08
realfintek	8251	2026-10-07	2026-10-08
retirementincomedanajodie	None		2026-10-08
bradfinn	69		2026-10-08
official1percentclub	31	2023-04-19	2026-10-08
investorsunderground	11561	2026-10-07	2026-10-08
meganyoonicorn	2059	2022-04-15	2026-10-08
hieutrade	None		2026-10-08
themotleyfoolofficial	343203	2026-10-07	2026-10-08
eztradesyt	None		2026-10-08
tommking13	None		2026-10-08
educator_2_trader	1025	2026-10-06	2026-10-08
theacquirerspodcast	None		2026-10-08
chisgule	1090	2026-10-08	2026-10-08
brent.investing	739	2026-10-08	2026-10-08
investmentmastery	60807	2026-10-07	2026-10-08
thestreet	174876	2026-10-07	2026-10-08
bullishbob	None		2026-10-08
fearingtrades	25634	2026-10-07	2026-10-08
jaykahma	None		2026-10-08
sheridanriskmanagement	None		2026-10-08
adamtrades50	None		2026-10-08
shahemtp	3981	2026-05-18	2026-10-08
tradingmasterab	11	2026-10-07	2026-10-08
stonkjournal	84	2023-08-02	2026-10-08
theprofessortrades	32		2026-10-08
stocktradingpro	215		2026-10-08
thetradingfoundry	0		2026-10-08
tradingdata1	3		2026-10-08
theotrade	2691		2026-10-08
traderdrysdale	38522	2026-10-07	2026-10-08
real.kittgaming	310226	2026-09-28	2026-10-08
domooore	504	2026-06-16	2026-10-08
theconsciousedge_	878	2026-10-01	2026-10-08
jamesastrong	2627	2026-10-04	2026-10-08
thesalesfamily_	59476	2026-10-05	2026-10-08
mommytraderyoutubechannel	2291	2026-09-07	2026-10-08
charlesjnoonan	120208	2026-10-08	2026-10-08
rntrtrading_official	803	2026-10-07	2026-10-08
stockmarketmethod	28	2026-07-30	2026-10-08
france24_en	598397	2026-10-08	2026-10-08
samuelleach	265591	2026-10-08	2026-10-08
superaunti	72078	2026-10-04	2026-10-08
mark4ex	11	2026-10-04	2026-10-08
novig	None		2026-10-08
winterkloudz	None		2026-10-08
sirfeelstv	3220	2026-08-11	2026-10-08
bestdoc	202		2026-10-08
imactuallylazy	39		2026-10-08
notenoughnelsons	754913	2026-10-06	2026-10-08
ryansworld	174113	2026-07-07	2026-10-08
jackcorsellis	1		2026-10-08
eventalkmoney	None		2026-10-08
samtraderfx	670	2026-05-04	2026-10-08
itsbrendanboyd	67816	2026-10-08	2026-10-08
statwarshq	None		2026-10-08
traderlion	102	2020-04-27	2026-10-08
toycaboodle	None		2026-10-08
t3live	23		2026-10-08
shadestrades	51	2012-12-20	2026-10-08
learnwithmiller	2		2026-10-08
traderlionclips	None		2026-10-08
julzonuk	4143	2026-09-26	2026-10-08
wyckoffanalytics	None		2026-10-08
dadtrader3	None		2026-10-08
smartmoneytraders78	None		2026-10-08
coldmoneyinvest	None		2026-10-08
aipathwayschannel	None		2026-10-08
quertradinglab	1	2026-10-06	2026-10-08
stockbuddynyc	None		2026-10-08
cards_and_charts	25	2026-05-19	2026-10-08
mrs.bench_fidgettoysplus	434510	2026-10-08	2026-10-08
prstpodcast	176	2026-10-07	2026-10-08
traderyush	29	2026-03-05	2026-10-08
earnyourleisure	1650080	2026-10-08	2026-10-08
focusdistribution	462	2019-01-11	2026-10-08
financialeducationjeremy	90142	2026-08-22	2026-10-08
lina_trading	None		2026-10-08
justaskdave1	None		2026-10-08
saschajkurth	None		2026-10-08
tradetron	None		2026-10-08
brownthetrader	9264	2026-10-08	2026-10-08
learntotradegroup	34743	2026-10-07	2026-10-08
trader_dale	18289	2025-08-18	2026-10-08
oeditrades	1		2026-10-08
unfriendlydodge	None		2026-10-08
shinobisignals	191897	2026-10-01	2026-10-08
nickkalstek	210506	2026-10-08	2026-10-08
moneylifepov	None		2026-10-08
elysiumequity	24		2026-10-08
barchartofficial	86878	2026-10-08	2026-10-08
pushbutton.trading	74	2026-10-07	2026-10-08
friendsoftheshow420	None		2026-10-08
whispersofwallstreet	None		2026-10-08
tradermerlin	702	2026-07-24	2026-10-08
viewfrommarz	None		2026-10-08
cybertradinguniversity	75226	2026-10-07	2026-10-08
joerabilrsr	None		2026-10-08
thelionacademy	2523	2026-10-08	2026-10-08
the_capital_brief_moneytalks	None		2026-10-08
_claudiarea	32588	2026-10-02	2026-10-08
code4traders	12	2026-09-27	2026-10-08
newmoneypov	0		2026-10-08
dividenddata	2901	2021-12-04	2026-10-08
rob_berger	105		2026-10-08
investingtalkpodcast	45	2025-12-15	2026-10-08
leelowell	32		2026-10-08
rgdividends2500	7		2026-10-08
retirewithryne	2239	2026-10-04	2026-10-08
dividend_bull	1821	2022-08-06	2026-10-08
gpstephan	494727	2026-09-13	2026-10-08
damientalksmoney	29631	2026-09-25	2026-10-08
nischa.me	583854	2026-04-21	2026-10-08
ianlopuch	6449	2026-09-17	2026-10-08
joecarlsonshow	12052	2026-07-01	2026-10-08
moneyguyshow	153165	2026-10-07	2026-10-08
alexbrock	266		2026-10-08
moneymattersmd	464	2026-10-08	2026-10-08
superinvestor	0		2026-10-08
dgi_jake	763	2026-02-04	2026-10-08
optionsforfinancialfreedom	88	2026-10-04	2026-10-08
dividenddiplomats	5192	2024-08-29	2026-10-08
mygoldenageofficial	19	2026-10-06	2026-10-08
thedividendexperiment	8003	2026-05-31	2026-10-08
callingmargin	23	2026-09-26	2026-10-08
moneytalkrashad	711	2026-09-28	2026-10-08
erintalksmoney	823	2020-04-24	2026-10-08
wstruthbombs	114	2026-09-23	2026-10-08
americanstocks	301	2016-04-04	2026-10-08
humphreytalks	907087	2026-10-07	2026-10-08
kyle.invests	74	2020-09-26	2026-10-08
yourmoneymateuk	12229	2026-10-07	2026-10-08
oscarinvests	41		2026-10-08
principlespersonalfinance	233	2024-03-29	2026-10-08
financefalah	1	2026-09-05	2026-10-08
vanillainvestor	50	2025-08-23	2026-10-08
bsharpemoney	1974	2026-10-07	2026-10-08
larryjones_tv	None		2026-10-08
theinvestorspodcastnetwork	2543	2026-04-15	2026-10-08
navelliermarketbuzz	2552	2026-10-01	2026-10-08
personalfinancewithleila	None		2026-10-08
thebestinterestpodcast	None		2026-10-08
levelupmoney101	None		2026-10-08
romulusteaches	None		2026-10-08
investwithcorey	87		2026-10-08
whiteboardfinance	37213	2026-10-01	2026-10-08
nickinvestsus	None		2026-10-08
growthinvestingmastery	None		2026-10-08
thecompoundnews	66747	2026-10-08	2026-10-08
meetup	142856	2025-12-18	2026-10-08
moneymosaic555	None		2026-10-08
themoneystocker	185590	2026-10-06	2026-10-08
dapperdividends	None		2026-10-08
thedividendrookie	None		2026-10-08
e.investingforbeginners	15259	2026-08-06	2026-10-08
firstandfuture	39	2026-10-08	2026-10-08
serenityinvests	48536	2026-10-07	2026-10-08
mr.financeprofessor	None		2026-10-08
therachelshow	0		2026-10-08
compounderswithcheese	None		2026-10-08
oakroadwealth	269	2026-10-07	2026-10-08
beyondriskfree	None		2026-10-08
katie_marie_reads	386	2025-10-18	2026-10-08
investingtutorial	0		2026-10-08
ramseyeverydaymillionaires	None		2026-10-08
matsorensen	34368	2026-10-05	2026-10-08
ramit	984305	2026-10-07	2026-10-08
melrobbins	12898043	2026-10-07	2026-10-08
vaultinvestus	None		2026-10-08
investingsimplifiedprofg	1094	2026-10-07	2026-10-08
freedomfinance113	0	2026-10-05	2026-10-08
parkevtatevosiancfa9544	None		2026-10-08
quirkequity	None		2026-10-08
taekimfinancialtortoise	None		2026-10-08
clicksolvehq	None		2026-10-08
faares.q	1135425	2026-10-05	2026-10-08
thehostiletakeovertv	None		2026-10-08
vincentchan	13	2011-05-28	2026-10-08
velaninvests	None		2026-10-08
themasterinvestor	592023	2026-10-08	2026-10-08
finastraxai	None		2026-10-08
schwabnetwork	26742	2026-10-07	2026-10-08
thelonginvestor	11706	2026-10-07	2026-10-08
backyardbullion	3332	2026-09-20	2026-10-08
ashleytradingwithashley	None		2026-10-08
everythingmoneyinvesting	15247	2026-10-07	2026-10-08
autopilotyourwealth	2		2026-10-08
finiwealthhacks	None		2026-10-08
stillcompoundinglife	None		2026-10-08
laughcryco.7	None		2026-10-08
harrytalksfinance	None		2026-10-08
tomnashtv	None		2026-10-08
tomspersonalfinance	3692	2026-10-04	2026-10-08
plonkadoofinance	None		2026-10-08
caesarzane	37	2019-09-14	2026-10-08
bluecollarconnect	588	2025-05-08	2026-10-08
thedividenddomain	21	2026-07-21	2026-10-08
dividend_dollar	None		2026-10-08
genexdividendinvestor	2267	2026-10-03	2026-10-08
investingcom	571572	2026-10-06	2026-10-08
averagejoedividends	None		2026-10-08
almostdailydividends	None		2026-10-08
blexiti	None		2026-10-08
moneyfortherestofus	14		2026-10-08
terrancegrowswealth	None		2026-10-08
businesswithbrian	None		2026-10-08
wagetowealthtv	None		2026-10-08
tobynewbatt	2702	2026-08-19	2026-10-08
thedeepvalues	None		2026-10-08
moneyystrategist	None		2026-10-08
stasserfes	81116	2026-10-08	2026-10-08
akshatzayn	None		2026-10-08
cherylltradesleaps	None		2026-10-08
kenangrace1	145631	2026-10-07	2026-10-08
moneymadeclearhq1	None		2026-10-08
sharran	518	2026-06-14	2026-10-08
practicalincomeinvestingyt	None		2026-10-08
optionsbrit	None		2026-10-08
wwwchesscom	2348172	2026-10-08	2026-10-08
investlanemedia	34	2026-06-12	2026-10-08
benjjjaamiinn	None		2026-10-08
agwealthstrats	104	2026-10-07	2026-10-08
extraincomeboss	None		2026-10-08
meaningfulmoney.tv	5484	2026-10-07	2026-10-08
everydayequityco	None		2026-10-08
ledgerandlow8	None		2026-10-08
kevinfinancialtutor	13082	2026-10-04	2026-10-08
nextgreatinvestor	None		2026-10-08
thecompoundinginvestor	None		2026-10-08
theintrinsicvaluepodcast	None		2026-10-08
simplysafedividends	None		2026-10-08
marketbeatmedia	55962	2026-10-08	2026-10-08
myretirementtrading	None		2026-10-08
brianferoldi	304918	2026-10-07	2026-10-08
personalfinanceclub	695875	2026-10-02	2026-10-08
drzeezy	1239	2026-09-10	2026-10-08
